,0
0,/content/spills/2021-01/РН-ВАНЬН-2013-127
1,/content/spills/2021-01/РН-ВАНЬН-2013-185
2,/content/spills/2021-01/РН-ВАНЬН-2013-194
3,/content/spills/2021-01/РН-ВАНЬН-2013-122
4,/content/spills/2021-01/РН-ВАНЬН-2013-134
5,/content/spills/2021-01/РН-ВАНЬН-2013-219
6,/content/spills/2021-01/РН-ВАНЬН-2013-137
7,/content/spills/2021-01/РН-ВАНЬН-2013-155
8,/content/spills/2021-01/РН-ВАНЬН-2013-183
9,/content/spills/2021-01/РН-ВАНЬН-2013-177
10,/content/spills/2021-01/РН-ВАНЬН-2013-195
11,/content/spills/2021-01/РН-ВАНЬН-2013-100
12,/content/spills/2021-01/РН-ВАНЬН-2013-162
13,/content/spills/2021-01/РН-ВАНЬН-2013-159
14,/content/spills/2021-01/РН-ВАНЬН-2013-197
15,/content/spills/2021-01/РН-ВАНЬН-2013-109
16,/content/spills/2021-01/РН-ВАНЬН-2013-144
17,/content/spills/2021-02/РН-НЯГНГ-2013-124
18,/content/spills/2021-02/РН-НЯГНГ-2013-823
19,/content/spills/2021-02/РН-НЯГНГ-2013-246
20,/content/spills/2021-02/РН-НЯГНГ-2013-478
21,/content/spills/2021-02/РН-НЯГНГ-2013-164
22,/content/spills/2021-02/РН-НЯГНГ-2013-803
23,/content/spills/2021-02/РН-НЯГНГ-2013-117
24,/content/spills/2021-02/РН-НЯГНГ-2019-106
25,/content/spills/2021-02/РН-НЯГНГ-2013-756
26,/content/spills/2021-02/РН-НЯГНГ-2013-936
27,/content/spills/2021-02/РН-НЯГНГ-2019-101
28,/content/spills/2021-02/РН-НЯГНГ-2019-107
29,/content/spills/2021-02/РН-НЯГНГ-2013-966
30,/content/spills/2021-02/РН-НЯГНГ-2013-838
31,/content/spills/2021-02/РН-НЯГНГ-2013-836
32,/content/spills/2021-02/РН-НЯГНГ-2013-829
33,/content/spills/2021-02/РН-НЯГНГ-2013-820
34,/content/spills/2021-02/РН-НЯГНГ-2013-792
35,/content/spills/2021-02/РН-НЯГНГ-2013-245
36,/content/spills/2021-02/РН-НЯГНГ-2019-105
37,/content/spills/2021-02/РН-НЯГНГ-2019-112
38,/content/spills/2021-02/РН-НЯГНГ-2013-973
39,/content/spills/2021-02/РН-НЯГНГ-2013-136
40,/content/spills/2021-02/РН-НЯГНГ-2013-987
41,/content/spills/2021-02/РН-НЯГНГ-2013-696
42,/content/spills/2021-02/РН-НЯГНГ-2013-754
43,/content/spills/2021-02/РН-НЯГНГ-2013-100
44,/content/spills/2021-02/РН-НЯГНГ-2013-751
45,/content/spills/2021-02/РН-НЯГНГ-2013-827
46,/content/spills/2021-02/РН-НЯГНГ-2013-787
47,/content/spills/2021-02/РН-НЯГНГ-2013-986
48,/content/spills/2021-02/РН-НЯГНГ-2013-143
49,/content/spills/2021-02/РН-НЯГНГ-2013-128
50,/content/spills/2021-02/РН-НЯГНГ-2013-661
51,/content/spills/2021-02/РН-НЯГНГ-2013-291
52,/content/spills/2021-02/РН-НЯГНГ-2013-517
53,/content/spills/2021-02/РН-НЯГНГ-2013-727
54,/content/spills/2021-02/РН-НЯГНГ-2013-148
55,/content/spills/2021-02/РН-НЯГНГ-2013-999
56,/content/spills/2021-02/РН-НЯГНГ-2013-610
57,/content/spills/2021-02/РН-НЯГНГ-2013-658
58,/content/spills/2021-02/РН-НЯГНГ-2013-612
59,/content/spills/2021-02/РН-НЯГНГ-2013-121
60,/content/spills/2021-02/РН-НЯГНГ-2013-173
61,/content/spills/2021-02/РН-НЯГНГ-2013-907
62,/content/spills/2021-02/РН-НЯГНГ-2013-602
63,/content/spills/2021-02/РН-НЯГНГ-2013-777
64,/content/spills/2021-02/РН-НЯГНГ-2013-642
65,/content/spills/2021-02/РН-НЯГНГ-2013-848
66,/content/spills/2021-02/РН-НЯГНГ-2013-485
67,/content/spills/2021-02/РН-НЯГНГ-2013-635
68,/content/spills/2021-02/РН-НЯГНГ-2013-120
69,/content/spills/2021-02/РН-НЯГНГ-2013-174
70,/content/spills/2021-02/РН-НЯГНГ-2013-149
71,/content/spills/2021-02/РН-НЯГНГ-2013-943
72,/content/spills/2021-02/РН-НЯГНГ-2013-750
73,/content/spills/2021-02/РН-НЯГНГ-2013-931
74,/content/spills/2021-02/РН-НЯГНГ-2013-150
75,/content/spills/2021-02/РН-НЯГНГ-2013-826
76,/content/spills/2021-02/РН-НЯГНГ-2013-172
77,/content/spills/2021-02/РН-НЯГНГ-2013-646
78,/content/spills/2021-02/РН-НЯГНГ-2013-166
79,/content/spills/2021-02/РН-НЯГНГ-2013-138
80,/content/spills/2021-02/РН-НЯГНГ-2013-951
81,/content/spills/2021-02/РН-НЯГНГ-2013-869
82,/content/spills/2021-02/РН-НЯГНГ-2013-104
83,/content/spills/2021-02/РН-НЯГНГ-2013-685
84,/content/spills/2021-02/РН-НЯГНГ-2013-722
85,/content/spills/2021-02/РН-НЯГНГ-2013-825
86,/content/spills/2021-02/РН-НЯГНГ-2013-157
87,/content/spills/2021-02/РН-НЯГНГ-2013-664
88,/content/spills/2021-02/РН-НЯГНГ-2013-142
89,/content/spills/2021-02/РН-НЯГНГ-2013-541
90,/content/spills/2021-02/РН-НЯГНГ-2013-934
91,/content/spills/2021-02/РН-НЯГНГ-2013-111
92,/content/spills/2021-02/РН-НЯГНГ-2013-927
93,/content/spills/2021-02/РН-НЯГНГ-2013-632
94,/content/spills/2021-02/РН-НЯГНГ-2013-981
95,/content/spills/2021-02/РН-НЯГНГ-2013-718
96,/content/spills/2021-02/РН-НЯГНГ-2013-763
97,/content/spills/2021-02/РН-НЯГНГ-2013-108
98,/content/spills/2021-02/РН-НЯГНГ-2013-814
99,/content/spills/2021-02/РН-НЯГНГ-2013-822
100,/content/spills/2021-02/РН-НЯГНГ-2013-977
101,/content/spills/2021-02/РН-НЯГНГ-2013-806
102,/content/spills/2021-02/РН-НЯГНГ-2013-167
103,/content/spills/2021-02/РН-НЯГНГ-2013-466
104,/content/spills/2021-02/РН-НЯГНГ-2013-972
105,/content/spills/2021-02/РН-НЯГНГ-2013-608
106,/content/spills/2021-02/РН-НЯГНГ-2019-113
107,/content/spills/2021-02/РН-НЯГНГ-2013-650
108,/content/spills/2021-02/РН-НЯГНГ-2019-110
109,/content/spills/2021-02/РН-НЯГНГ-2013-168
110,/content/spills/2021-02/РН-НЯГНГ-2013-996
111,/content/spills/2021-02/РН-НЯГНГ-2013-170
112,/content/spills/2021-02/РН-НЯГНГ-2013-562
113,/content/spills/2021-02/РН-НЯГНГ-2013-988
114,/content/spills/2021-02/РН-НЯГНГ-2019-100
115,/content/spills/2021-02/РН-НЯГНГ-2013-935
116,/content/spills/2021-02/РН-НЯГНГ-2013-106
117,/content/spills/2021-02/РН-НЯГНГ-2013-808
118,/content/spills/2021-02/РН-НЯГНГ-2019-103
119,/content/spills/2021-02/РН-НЯГНГ-2013-735
120,/content/spills/2021-02/РН-НЯГНГ-2013-158
121,/content/spills/2021-02/РН-НЯГНГ-2013-824
122,/content/spills/2021-02/РН-НЯГНГ-2013-791
123,/content/spills/2021-02/РН-НЯГНГ-2013-942
124,/content/spills/2021-02/РН-НЯГНГ-2013-908
125,/content/spills/2021-02/РН-НЯГНГ-2013-134
126,/content/spills/2021-02/РН-НЯГНГ-2013-985
127,/content/spills/2021-02/РН-НЯГНГ-2013-897
128,/content/spills/2021-02/РН-НЯГНГ-2013-151
129,/content/spills/2021-02/РН-НЯГНГ-2013-770
130,/content/spills/2021-02/РН-НЯГНГ-2016-100
131,/content/spills/2021-02/РН-НЯГНГ-2013-131
132,/content/spills/2021-02/РН-НЯГНГ-2013-724
133,/content/spills/2021-02/РН-НЯГНГ-2019-114
134,/content/spills/2021-02/РН-НЯГНГ-2013-975
135,/content/spills/2021-02/РН-НЯГНГ-2013-125
136,/content/spills/2021-02/РН-НЯГНГ-2013-101
137,/content/spills/2021-02/РН-НЯГНГ-2013-918
138,/content/spills/2021-02/РН-НЯГНГ-2019-111
139,/content/spills/2021-02/РН-НЯГНГ-2013-860
140,/content/spills/2021-02/РН-НЯГНГ-2013-739
141,/content/spills/2021-02/РН-НЯГНГ-2013-156
142,/content/spills/2021-02/РН-НЯГНГ-2013-307
143,/content/spills/2021-02/РН-НЯГНГ-2013-969
144,/content/spills/2021-02/РН-НЯГНГ-2013-175
145,/content/spills/2021-02/РН-НЯГНГ-2013-609
146,/content/spills/2021-02/РН-НЯГНГ-2013-947
147,/content/spills/2021-02/РН-НЯГНГ-2013-162
148,/content/spills/2021-02/РН-НЯГНГ-2013-910
149,/content/spills/2021-02/РН-НЯГНГ-2013-743
150,/content/spills/2021-02/РН-НЯГНГ-2019-109
151,/content/spills/2021-02/РН-НЯГНГ-2013-596
152,/content/spills/2021-02/РН-НЯГНГ-2013-118
153,/content/spills/2021-02/РН-НЯГНГ-2013-817
154,/content/spills/2021-02/РН-НЯГНГ-2013-979
155,/content/spills/2021-02/РН-НЯГНГ-2013-546
156,/content/spills/2021-02/РН-НЯГНГ-2013-813
157,/content/spills/2021-02/РН-НЯГНГ-2013-337
158,/content/spills/2021-02/РН-НЯГНГ-2013-176
159,/content/spills/2021-02/РН-НЯГНГ-2019-102
160,/content/spills/2021-02/РН-НЯГНГ-2013-786
161,/content/spills/2021-02/РН-НЯГНГ-2013-601
162,/content/spills/2021-02/РН-НЯГНГ-2013-961
163,/content/spills/2021-02/РН-НЯГНГ-2019-108
164,/content/spills/2021-02/РН-НЯГНГ-2019-104
165,/content/spills/2021-02/РН-НЯГНГ-2013-749
166,/content/spills/2021-13/РН-ЮНГ-МБ-2017-47
167,/content/spills/2021-13/РН-ЮНГ-МБ-2016-16
168,/content/spills/2021-13/РН-ЮНГ-МБ-2016-82
169,/content/spills/2021-13/РН-ЮНГ-МБ-2019-33
170,/content/spills/2021-13/РН-ЮНГ-МБ-2018-12
171,/content/spills/2021-13/РН-ЮНГ-МБ-2018-24
172,/content/spills/2021-13/РН-ЮНГ-МБ-2018-22
173,/content/spills/2021-13/РН-ЮНГ-МБ-2020-37
174,/content/spills/2021-13/РН-ЮНГ-МБ-2018-31
175,/content/spills/2021-13/РН-ЮНГ-МБ-2018-15
176,/content/spills/2021-13/РН-ЮНГ-МБ-2020-40
177,/content/spills/2021-13/РН-ЮНГ-МБ-2017-62
178,/content/spills/2021-13/РН-ЮНГ-МБ-2018-19
179,/content/spills/2021-13/РН-ЮНГ-ММ-2016-22
180,/content/spills/2021-13/РН-ЮНГ-МБ-2016-22
181,/content/spills/2021-13/РН-ЮНГ-МБ-2017-44
182,/content/spills/2021-13/РН-ЮНГ-МБ-2018-25
183,/content/spills/2021-13/РН-ЮНГ-МБ-2017-52
184,/content/spills/2021-13/РН-ЮНГ-МБ-2020-34
185,/content/spills/2021-13/РН-ЮНГ-МБ-2017-49
186,/content/spills/2021-13/РН-ЮНГ-МБ-2020-21
187,/content/spills/2021-13/РН-ЮНГ-МБ-2016-66
188,/content/spills/2021-13/РН-ЮНГ-МБ-2018-67
189,/content/spills/2021-13/РН-ЮНГ-МБ-2020-15
190,/content/spills/2021-13/РН-ЮНГ-МБ-2020-20
191,/content/spills/2021-13/РН-ЮНГ-МБ-2017-31
192,/content/spills/2021-13/РН-ЮНГ-МБ-2019-37
193,/content/spills/2021-13/РН-ЮНГ-МБ-2016-64
194,/content/spills/2021-13/РН-ЮНГ-КН-2020-14
195,/content/spills/2021-13/РН-ЮНГ-МБ-2016-20
196,/content/spills/2021-13/РН-ЮНГ-МБ-2017-40
197,/content/spills/2021-13/РН-ЮНГ-МБ-2016-53
198,/content/spills/2021-13/РН-ЮНГ-МБ-2017-12
199,/content/spills/2021-13/РН-ЮНГ-МБ-2018-52
200,/content/spills/2021-13/РН-ЮНГ-МБ-2019-12
201,/content/spills/2021-13/РН-ЮНГ-МБ-2018-13
202,/content/spills/2021-13/РН-ЮНГ-МБ-2018-34
203,/content/spills/2021-13/РН-ЮНГ-МБ-2017-26
204,/content/spills/2021-13/РН-ЮНГ-МБ-2020-11
205,/content/spills/2021-13/РН-ЮНГ-МБ-2019-16
206,/content/spills/2021-13/РН-ЮНГ-МБ-2019-41
207,/content/spills/2021-13/РН-ЮНГ-МБ-2017-33
208,/content/spills/2021-13/РН-ЮНГ-МБ-2018-36
209,/content/spills/2021-13/РН-ЮНГ-МБ-2016-78
210,/content/spills/2021-13/РН-ЮНГ-МБ-2016-39
211,/content/spills/2021-13/РН-ЮНГ-МБ-2019-29
212,/content/spills/2021-13/РН-ЮНГ-МБ-2020-42
213,/content/spills/2021-13/РН-ЮНГ-МБ-2016-50
214,/content/spills/2021-13/РН-ЮНГ-МБ-2017-78
215,/content/spills/2021-13/РН-ЮНГ-МБ-2020-30
216,/content/spills/2021-13/РН-ЮНГ-МБ-2018-57
217,/content/spills/2021-13/РН-ЮНГ-МБ-2018-32
218,/content/spills/2021-13/РН-ЮНГ-МБ-2019-35
219,/content/spills/2021-13/РН-ЮНГ-МБ-2016-13
220,/content/spills/2021-13/РН-ЮНГ-МБ-2016-14
221,/content/spills/2021-13/РН-ЮНГ-МБ-2016-76
222,/content/spills/2021-13/РН-ЮНГ-МБ-2016-72
223,/content/spills/2021-13/РН-ЮНГ-МБ-2017-27
224,/content/spills/2021-13/РН-ЮНГ-МБ-2017-65
225,/content/spills/2021-13/РН-ЮНГ-МБ-2019-26
226,/content/spills/2021-13/РН-ЮНГ-МБ-2016-21
227,/content/spills/2021-13/РН-ЮНГ-МБ-2019-39
228,/content/spills/2021-13/РН-ЮНГ-МБ-2020-39
229,/content/spills/2021-13/РН-ЮНГ-ЕФ-2017-12
230,/content/spills/2021-13/РН-ЮНГ-МБ-2019-27
231,/content/spills/2021-13/РН-ЮНГ-МБ-2017-19
232,/content/spills/2021-13/РН-ЮНГ-МБ-2018-47
233,/content/spills/2021-13/РН-ЮНГ-МБ-2020-38
234,/content/spills/2021-13/РН-ЮНГ-МБ-2017-57
235,/content/spills/2021-13/РН-ЮНГ-МБ-2016-44
236,/content/spills/2021-13/РН-ЮНГ-ЕФ-2017-13
237,/content/spills/2021-13/РН-ЮНГ-МБ-2017-64
238,/content/spills/2021-13/РН-ЮНГ-МБ-2018-65
239,/content/spills/2021-13/РН-ЮНГ-ЕФ-2017-11
240,/content/spills/2021-13/РН-ЮНГ-МБ-2016-27
241,/content/spills/2021-13/РН-ЮНГ-ММ-2016-15
242,/content/spills/2021-13/РН-ЮНГ-МБ-2018-23
243,/content/spills/2021-13/РН-ЮНГ-МБ-2019-18
244,/content/spills/2021-13/РН-ЮНГ-КН-2020-15
245,/content/spills/2021-13/РН-ЮНГ-МБ-2017-70
246,/content/spills/2021-13/РН-ЮНГ-МБ-2019-31
247,/content/spills/2021-13/РН-ЮНГ-МБ-2018-18
248,/content/spills/2021-13/РН-ЮНГ-ММ-2016-18
249,/content/spills/2021-13/РН-ЮНГ-МБ-2020-10
250,/content/spills/2021-13/РН-ЮНГ-МБ-2019-23
251,/content/spills/2021-13/РН-ЮНГ-МБ-2020-23
252,/content/spills/2021-13/РН-ЮНГ-МБ-2019-25
253,/content/spills/2021-13/РН-ЮНГ-МБ-2018-60
254,/content/spills/2021-13/РН-ЮНГ-МБ-2019-17
255,/content/spills/2021-13/РН-ЮНГ-ЕФ-2017-10
256,/content/spills/2021-13/РН-ЮНГ-МБ-2019-34
257,/content/spills/2021-13/РН-ЮНГ-МБ-2020-32
258,/content/spills/2021-13/РН-ЮНГ-МБ-2020-49
259,/content/spills/2021-13/РН-ЮНГ-МБ-2019-36
260,/content/spills/2021-13/РН-ЮНГ-МБ-2017-60
261,/content/spills/2021-13/РН-ЮНГ-МБ-2018-55
262,/content/spills/2021-13/РН-ЮНГ-МБ-2020-55
263,/content/spills/2021-13/РН-ЮНГ-МБ-2020-46
264,/content/spills/2021-13/РН-ЮНГ-МБ-2017-55
265,/content/spills/2021-13/РН-ЮНГ-МБ-2017-22
266,/content/spills/2021-13/РН-ЮНГ-МБ-2016-26
267,/content/spills/2021-13/РН-ЮНГ-МБ-2020-43
268,/content/spills/2021-13/РН-ЮНГ-КН-2020-10
269,/content/spills/2021-13/РН-ЮНГ-МБ-2018-63
270,/content/spills/2021-13/РН-ЮНГ-МБ-2020-45
271,/content/spills/2021-13/РН-ЮНГ-МБ-2018-21
272,/content/spills/2021-13/РН-ЮНГ-МБ-2016-63
273,/content/spills/2021-13/РН-ЮНГ-КН-2020-12
274,/content/spills/2021-13/РН-ЮНГ-МБ-2019-21
275,/content/spills/2021-13/РН-ЮНГ-МБ-2016-56
276,/content/spills/2021-13/РН-ЮНГ-МБ-2017-73
277,/content/spills/2021-13/РН-ЮНГ-МБ-2016-10
278,/content/spills/2021-13/РН-ЮНГ-МБ-2020-44
279,/content/spills/2021-13/РН-ЮНГ-МБ-2017-29
280,/content/spills/2021-13/РН-ЮНГ-МБ-2018-26
281,/content/spills/2021-13/РН-ЮНГ-МБ-2020-12
282,/content/spills/2021-13/РН-ЮНГ-МБ-2020-47
283,/content/spills/2021-13/РН-ЮНГ-МБ-2016-17
284,/content/spills/2021-13/РН-ЮНГ-МБ-2020-31
285,/content/spills/2021-13/РН-ЮНГ-МБ-2019-11
286,/content/spills/2021-13/РН-ЮНГ-МБ-2020-18
287,/content/spills/2021-13/РН-ЮНГ-МБ-2016-45
288,/content/spills/2021-13/РН-ЮНГ-МБ-2019-24
289,/content/spills/2021-13/РН-ЮНГ-МБ-2020-53
290,/content/spills/2021-13/РН-ЮНГ-ММ-2016-17
291,/content/spills/2021-13/РН-ЮНГ-МБ-2019-32
292,/content/spills/2021-13/РН-ЮНГ-МБ-2020-63
293,/content/spills/2021-13/РН-ЮНГ-МБ-2016-28
294,/content/spills/2021-13/РН-ЮНГ-МБ-2017-51
295,/content/spills/2021-13/РН-ЮНГ-МБ-2020-17
296,/content/spills/2021-13/РН-ЮНГ-МБ-2017-75
297,/content/spills/2021-13/РН-ЮНГ-МБ-2019-28
298,/content/spills/2021-13/РН-ЮНГ-МБ-2017-21
299,/content/spills/2021-13/РН-ЮНГ-МБ-2016-46
300,/content/spills/2021-13/РН-ЮНГ-МБ-2017-71
301,/content/spills/2021-13/РН-ЮНГ-МБ-2020-27
302,/content/spills/2021-13/РН-ЮНГ-МБ-2020-61
303,/content/spills/2021-13/РН-ЮНГ-МБ-2020-56
304,/content/spills/2021-13/РН-ЮНГ-КН-2019-19
305,/content/spills/2021-13/РН-ЮНГ-МБ-2020-35
306,/content/spills/2021-13/РН-ЮНГ-МБ-2017-68
307,/content/spills/2021-13/РН-ЮНГ-МБ-2018-54
308,/content/spills/2021-13/РН-ЮНГ-МБ-2020-62
309,/content/spills/2021-13/РН-ЮНГ-МБ-2016-79
310,/content/spills/2021-13/РН-ЮНГ-МБ-2018-40
311,/content/spills/2021-13/РН-ЮНГ-МБ-2018-49
312,/content/spills/2021-13/РН-ЮНГ-МБ-2017-17
313,/content/spills/2021-13/РН-ЮНГ-МБ-2019-40
314,/content/spills/2021-13/РН-ЮНГ-МБ-2016-70
315,/content/spills/2021-13/РН-ЮНГ-МБ-2017-20
316,/content/spills/2021-13/РН-ЮНГ-МБ-2020-54
317,/content/spills/2021-13/РН-ЮНГ-МБ-2016-18
318,/content/spills/2021-13/РН-ЮНГ-МБ-2019-38
319,/content/spills/2021-13/РН-ЮНГ-МБ-2020-13
320,/content/spills/2021-13/РН-ЮНГ-МБ-2018-17
321,/content/spills/2021-13/РН-ЮНГ-КН-2019-15
322,/content/spills/2021-13/РН-ЮНГ-КН-2019-10
323,/content/spills/2021-13/РН-ЮНГ-ЕФ-2016-11
324,/content/spills/2021-13/РН-ЮНГ-МБ-2016-19
325,/content/spills/2021-13/РН-ЮНГ-МБ-2017-66
326,/content/spills/2021-13/РН-ЮНГ-МБ-2020-41
327,/content/spills/2021-13/РН-ЮНГ-МБ-2016-24
328,/content/spills/2021-13/РН-ЮНГ-МБ-2020-52
329,/content/spills/2021-13/РН-ЮНГ-КН-2020-17
330,/content/spills/2021-13/РН-ЮНГ-МБ-2018-48
331,/content/spills/2021-13/РН-ЮНГ-МБ-2016-40
332,/content/spills/2021-13/РН-ЮНГ-МБ-2016-62
333,/content/spills/2021-13/РН-ЮНГ-МБ-2018-51
334,/content/spills/2021-13/РН-ЮНГ-МБ-2020-16
335,/content/spills/2021-13/РН-ЮНГ-ММ-2016-20
336,/content/spills/2021-13/РН-ЮНГ-МБ-2016-23
337,/content/spills/2021-13/РН-ЮНГ-МБ-2018-30
338,/content/spills/2021-13/РН-ЮНГ-МБ-2017-15
339,/content/spills/2021-13/РН-ЮНГ-МБ-2017-18
340,/content/spills/2021-13/РН-ЮНГ-МБ-2016-74
341,/content/spills/2021-13/РН-ЮНГ-МБ-2020-19
342,/content/spills/2021-13/РН-ЮНГ-КН-2019-11
343,/content/spills/2021-13/РН-ЮНГ-МБ-2017-63
344,/content/spills/2021-13/РН-ЮНГ-МБ-2018-59
345,/content/spills/2021-13/РН-ЮНГ-КН-2020-13
346,/content/spills/2021-13/РН-ЮНГ-МБ-2020-25
347,/content/spills/2021-13/РН-ЮНГ-МБ-2017-14
348,/content/spills/2021-13/РН-ЮНГ-ММ-2016-12
349,/content/spills/2021-13/РН-ЮНГ-МБ-2020-60
350,/content/spills/2021-13/РН-ЮНГ-МБ-2016-71
351,/content/spills/2021-13/РН-ЮНГ-ЕФ-2016-10
352,/content/spills/2021-13/РН-ЮНГ-МБ-2020-29
353,/content/spills/2021-13/РН-ЮНГ-МБ-2017-61
354,/content/spills/2021-13/РН-ЮНГ-МБ-2018-35
355,/content/spills/2021-13/РН-ЮНГ-МБ-2017-38
356,/content/spills/2021-13/РН-ЮНГ-МБ-2020-59
357,/content/spills/2021-13/РН-ЮНГ-МБ-2020-33
358,/content/spills/2021-13/РН-ЮНГ-МБ-2018-10
359,/content/spills/2021-13/РН-ЮНГ-МБ-2018-42
360,/content/spills/2021-13/РН-ЮНГ-МБ-2020-57
361,/content/spills/2021-13/РН-ЮНГ-МБ-2020-58
362,/content/spills/2021-13/РН-ЮНГ-МБ-2017-10
363,/content/spills/2021-13/РН-ЮНГ-МБ-2016-58
364,/content/spills/2021-13/РН-ЮНГ-МБ-2017-79
365,/content/spills/2021-13/РН-ЮНГ-МБ-2017-25
366,/content/spills/2021-13/РН-ЮНГ-МБ-2018-33
367,/content/spills/2021-13/РН-ЮНГ-МБ-2017-28
368,/content/spills/2021-13/РН-ЮНГ-МБ-2016-37
369,/content/spills/2021-13/РН-ЮНГ-МБ-2020-14
370,/content/spills/2021-13/РН-ЮНГ-МБ-2018-29
371,/content/spills/2021-13/РН-ЮНГ-МБ-2018-44
372,/content/spills/2021-13/РН-ЮНГ-МБ-2018-14
373,/content/spills/2021-13/РН-ЮНГ-МБ-2020-26
374,/content/spills/2021-13/РН-ЮНГ-МБ-2020-51
375,/content/spills/2021-13/РН-ЮНГ-МБ-2017-77
376,/content/spills/2021-13/РН-ЮНГ-МБ-2016-25
377,/content/spills/2021-13/РН-ЮНГ-МБ-2018-53
378,/content/spills/2021-13/РН-ЮНГ-МБ-2020-36
379,/content/spills/2021-13/РН-ЮНГ-МБ-2016-30
380,/content/spills/2021-13/РН-ЮНГ-МБ-2020-48
381,/content/spills/2021-13/РН-ЮНГ-МБ-2016-77
382,/content/spills/2021-13/РН-ЮНГ-МБ-2016-35
383,/content/spills/2021-13/РН-ЮНГ-МБ-2017-48
384,/content/spills/2021-13/РН-ЮНГ-МБ-2020-50
385,/content/spills/2021-13/РН-ЮНГ-МБ-2017-41
386,/content/spills/2021-13/РН-ЮНГ-МБ-2017-59
387,/content/spills/2021-13/РН-ЮНГ-МБ-2016-41
388,/content/spills/2021-13/РН-ЮНГ-МБ-2018-38
389,/content/spills/2021-13/РН-ЮНГ-КН-2019-14
390,/content/spills/2021-13/РН-ЮНГ-КН-2019-12
391,/content/spills/2021-13/РН-ЮНГ-МБ-2020-22
392,/content/spills/2021-13/РН-ЮНГ-МБ-2016-60
393,/content/spills/2021-13/РН-ЮНГ-КН-2020-16
394,/content/spills/2021-13/РН-ЮНГ-МБ-2019-19
395,/content/spills/2021-13/РН-ЮНГ-МБ-2016-12
396,/content/spills/2021-13/РН-ЮНГ-МБ-2017-50
397,/content/spills/2021-13/РН-ЮНГ-МБ-2018-58
398,/content/spills/2021-13/РН-ЮНГ-МБ-2016-75
399,/content/spills/2021-13/РН-ЮНГ-МБ-2017-74
400,/content/spills/2021-13/РН-ЮНГ-МБ-2020-24
401,/content/spills/2021-13/РН-ЮНГ-МБ-2018-50
402,/content/spills/2021-13/РН-ЮНГ-МБ-2016-59
403,/content/spills/2021-13/РН-ЮНГ-МБ-2018-11
404,/content/spills/2021-13/РН-ЮНГ-МБ-2018-61
405,/content/spills/2021-13/РН-ЮНГ-МБ-2017-37
406,/content/spills/2021-13/РН-ЮНГ-МБ-2016-81
407,/content/spills/2021-13/РН-ЮНГ-МБ-2016-42
408,/content/spills/2021-13/РН-ЮНГ-МБ-2018-37
409,/content/spills/2021-13/РН-ЮНГ-МБ-2018-62
410,/content/spills/2021-13/РН-ЮНГ-МБ-2018-27
411,/content/spills/2021-13/РН-ЮНГ-МБ-2018-64
412,/content/spills/2021-13/РН-ЮНГ-МБ-2016-65
413,/content/spills/2021-13/РН-ЮНГ-КН-2020-11
414,/content/spills/2021-13/РН-ЮНГ-КН-2019-16
415,/content/spills/2021-13/РН-ЮНГ-МБ-2016-33
416,/content/spills/2021-13/РН-ЮНГ-МБ-2019-13
417,/content/spills/2021-13/РН-ЮНГ-МБ-2017-72
418,/content/spills/2021-13/РН-ЮНГ-МБ-2020-64
419,/content/spills/2021-13/РН-ЮНГ-МБ-2019-10
420,/content/spills/2021-13/РН-ЮНГ-МБ-2016-34
421,/content/spills/2021-13/РН-ЮНГ-МБ-2017-43
422,/content/spills/2021-13/РН-ЮНГ-МБ-2018-28
423,/content/spills/2021-13/РН-ЮНГ-МБ-2018-56
424,/content/spills/2021-13/РН-ЮНГ-МБ-2019-30
425,/content/spills/2021-13/РН-ЮНГ-МБ-2018-43
426,/content/spills/2021-13/РН-ЮНГ-МБ-2020-28
427,/content/spills/2021-15/РН-ЮНГ-ПТ-2018-31
428,/content/spills/2021-15/РН-ЮНГ-ПТ-2017-38
429,/content/spills/2021-15/РН-ЮНГ-ПТ-2016-50
430,/content/spills/2021-15/РН-ЮНГ-ММ-2020-85
431,/content/spills/2021-15/РН-ЮНГ-ПТ-2018-29
432,/content/spills/2021-15/РН-ЮНГ-ММ-2020-64
433,/content/spills/2021-15/РН-ЮНГ-ММ-2020-63
434,/content/spills/2021-15/РН-ЮНГ-ПТ-2018-15
435,/content/spills/2021-15/РН-ЮНГ-ПТ-2018-12
436,/content/spills/2021-15/РН-ЮНГ-ММ-2020-44
437,/content/spills/2021-15/РН-ЮНГ-ММ-2020-82
438,/content/spills/2021-15/РН-ЮНГ-ММ-2020-70
439,/content/spills/2021-15/РН-ЮНГ-ПТ-2017-36
440,/content/spills/2021-15/РН-ЮНГ-ПТ-2019-15
441,/content/spills/2021-15/РН-ЮНГ-ММ-2020-84
442,/content/spills/2021-15/РН-ЮНГ-ПТ-2017-14
443,/content/spills/2021-15/РН-ЮНГ-ММ-2020-50
444,/content/spills/2021-15/РН-ЮНГ-ПТ-2019-10
445,/content/spills/2021-15/РН-ЮНГ-ММ-2020-27
446,/content/spills/2021-15/РН-ЮНГ-ПТ-2016-27
447,/content/spills/2021-15/РН-ЮНГ-ММ-2020-88
448,/content/spills/2021-15/РН-ЮНГ-ММ-2020-76
449,/content/spills/2021-15/РН-ЮНГ-ПТ-2016-31
450,/content/spills/2021-15/РН-ЮНГ-ПТ-2018-20
451,/content/spills/2021-15/РН-ЮНГ-ММ-2020-30
452,/content/spills/2021-15/РН-ЮНГ-ММ-2020-49
453,/content/spills/2021-15/РН-ЮНГ-ММ-2020-42
454,/content/spills/2021-15/РН-ЮНГ-ПТ-2018-41
455,/content/spills/2021-15/РН-ЮНГ-ПТ-2016-37
456,/content/spills/2021-15/РН-ЮНГ-ММ-2020-57
457,/content/spills/2021-15/РН-ЮНГ-ММ-2020-33
458,/content/spills/2021-15/РН-ЮНГ-ММ-2020-96
459,/content/spills/2021-15/РН-ЮНГ-ММ-2020-62
460,/content/spills/2021-15/РН-ЮНГ-ПТ-2016-40
461,/content/spills/2021-15/РН-ЮНГ-ПТ-2020-13
462,/content/spills/2021-15/РН-ЮНГ-ПТ-2019-12
463,/content/spills/2021-15/РН-ЮНГ-СБ-2018-12
464,/content/spills/2021-15/РН-ЮНГ-ПТ-2017-29
465,/content/spills/2021-15/РН-ЮНГ-СБ-2020-10
466,/content/spills/2021-15/РН-ЮНГ-ПТ-2016-42
467,/content/spills/2021-15/РН-ЮНГ-ПТ-2017-21
468,/content/spills/2021-15/РН-ЮНГ-ММ-2020-37
469,/content/spills/2021-15/РН-ЮНГ-ПТ-2020-12
470,/content/spills/2021-15/РН-ЮНГ-ПТ-2019-11
471,/content/spills/2021-15/РН-ЮНГ-ПТ-2017-34
472,/content/spills/2021-15/РН-ЮНГ-ПТ-2016-51
473,/content/spills/2021-15/РН-ЮНГ-ПТ-2018-38
474,/content/spills/2021-15/РН-ЮНГ-ММ-2020-66
475,/content/spills/2021-15/РН-ЮНГ-ПТ-2018-37
476,/content/spills/2021-15/РН-ЮНГ-ММ-2020-23
477,/content/spills/2021-15/РН-ЮНГ-ПТ-2017-37
478,/content/spills/2021-15/РН-ЮНГ-ПТ-2017-15
479,/content/spills/2021-15/РН-ЮНГ-ПТ-2017-26
480,/content/spills/2021-15/РН-ЮНГ-ММ-2020-67
481,/content/spills/2021-15/РН-ЮНГ-ММ-2020-92
482,/content/spills/2021-15/РН-ЮНГ-ПТ-2018-11
483,/content/spills/2021-15/РН-ЮНГ-ММ-2020-77
484,/content/spills/2021-15/РН-ЮНГ-ММ-2020-54
485,/content/spills/2021-15/РН-ЮНГ-ПТ-2016-24
486,/content/spills/2021-15/РН-ЮНГ-ММ-2020-60
487,/content/spills/2021-15/РН-ЮНГ-ММ-2020-55
488,/content/spills/2021-15/РН-ЮНГ-ПТ-2018-26
489,/content/spills/2021-15/РН-ЮНГ-СБ-2020-13
490,/content/spills/2021-15/РН-ЮНГ-ММ-2020-26
491,/content/spills/2021-15/РН-ЮНГ-ММ-2020-98
492,/content/spills/2021-15/РН-ЮНГ-ММ-2020-28
493,/content/spills/2021-15/РН-ЮНГ-ММ-2020-43
494,/content/spills/2021-15/РН-ЮНГ-ММ-2020-89
495,/content/spills/2021-15/РН-ЮНГ-ПТ-2018-33
496,/content/spills/2021-15/РН-ЮНГ-ПТ-2017-32
497,/content/spills/2021-15/РН-ЮНГ-ММ-2020-87
498,/content/spills/2021-15/РН-ЮНГ-ММ-2020-80
499,/content/spills/2021-15/РН-ЮНГ-ПТ-2018-43
500,/content/spills/2021-15/РН-ЮНГ-ПТ-2016-46
501,/content/spills/2021-15/РН-ЮНГ-ПТ-2017-11
502,/content/spills/2021-15/РН-ЮНГ-ПТ-2017-23
503,/content/spills/2021-15/РН-ЮНГ-ПТ-2016-49
504,/content/spills/2021-15/РН-ЮНГ-ПТ-2016-41
505,/content/spills/2021-15/РН-ЮНГ-ММ-2020-69
506,/content/spills/2021-15/РН-ЮНГ-ММ-2020-41
507,/content/spills/2021-15/РН-ЮНГ-ПТ-2018-27
508,/content/spills/2021-15/РН-ЮНГ-ПТ-2016-45
509,/content/spills/2021-15/РН-ЮНГ-ММ-2020-81
510,/content/spills/2021-15/РН-ЮНГ-ММ-2020-71
511,/content/spills/2021-15/РН-ЮНГ-ММ-2020-48
512,/content/spills/2021-15/РН-ЮНГ-ПТ-2017-18
513,/content/spills/2021-15/РН-ЮНГ-СБ-2018-10
514,/content/spills/2021-15/РН-ЮНГ-ММ-2020-53
515,/content/spills/2021-15/РН-ЮНГ-ПТ-2017-30
516,/content/spills/2021-15/РН-ЮНГ-ММ-2020-58
517,/content/spills/2021-15/РН-ЮНГ-ПТ-2016-23
518,/content/spills/2021-15/РН-ЮНГ-ПТ-2020-11
519,/content/spills/2021-15/РН-ЮНГ-ММ-2020-45
520,/content/spills/2021-15/РН-ЮНГ-ПТ-2019-16
521,/content/spills/2021-15/РН-ЮНГ-ММ-2020-34
522,/content/spills/2021-15/РН-ЮНГ-ММ-2020-35
523,/content/spills/2021-15/РН-ЮНГ-ПТ-2016-17
524,/content/spills/2021-15/РН-ЮНГ-ММ-2020-93
525,/content/spills/2021-15/РН-ЮНГ-ПТ-2016-39
526,/content/spills/2021-15/РН-ЮНГ-ПТ-2017-33
527,/content/spills/2021-15/РН-ЮНГ-ПТ-2016-10
528,/content/spills/2021-15/РН-ЮНГ-ММ-2020-46
529,/content/spills/2021-15/РН-ЮНГ-ПТ-2018-22
530,/content/spills/2021-15/РН-ЮНГ-ПТ-2018-36
531,/content/spills/2021-15/РН-ЮНГ-ПТ-2016-44
532,/content/spills/2021-15/РН-ЮНГ-ПТ-2017-12
533,/content/spills/2021-15/РН-ЮНГ-ПТ-2019-14
534,/content/spills/2021-15/РН-ЮНГ-ПТ-2017-31
535,/content/spills/2021-15/РН-ЮНГ-ММ-2020-65
536,/content/spills/2021-15/РН-ЮНГ-ПТ-2018-42
537,/content/spills/2021-15/РН-ЮНГ-ПТ-2018-24
538,/content/spills/2021-15/РН-ЮНГ-ПТ-2016-35
539,/content/spills/2021-15/РН-ЮНГ-СБ-2018-13
540,/content/spills/2021-15/РН-ЮНГ-ПТ-2016-29
541,/content/spills/2021-15/РН-ЮНГ-ММ-2020-24
542,/content/spills/2021-15/РН-ЮНГ-ПТ-2017-17
543,/content/spills/2021-15/РН-ЮНГ-ПТ-2016-34
544,/content/spills/2021-15/РН-ЮНГ-ММ-2020-61
545,/content/spills/2021-15/РН-ЮНГ-ММ-2020-32
546,/content/spills/2021-15/РН-ЮНГ-ПТ-2020-15
547,/content/spills/2021-15/РН-ЮНГ-ПТ-2017-39
548,/content/spills/2021-15/РН-ЮНГ-ПТ-2016-19
549,/content/spills/2021-15/РН-ЮНГ-ПТ-2020-16
550,/content/spills/2021-15/РН-ЮНГ-ММ-2020-22
551,/content/spills/2021-15/РН-ЮНГ-ПТ-2018-18
552,/content/spills/2021-15/РН-ЮНГ-ПТ-2016-26
553,/content/spills/2021-15/РН-ЮНГ-СБ-2018-15
554,/content/spills/2021-15/РН-ЮНГ-ПТ-2017-41
555,/content/spills/2021-15/РН-ЮНГ-ММ-2020-21
556,/content/spills/2021-15/РН-ЮНГ-ММ-2020-94
557,/content/spills/2021-15/РН-ЮНГ-ММ-2020-52
558,/content/spills/2021-15/РН-ЮНГ-ПТ-2018-34
559,/content/spills/2021-15/РН-ЮНГ-ПТ-2019-13
560,/content/spills/2021-15/РН-ЮНГ-ММ-2020-95
561,/content/spills/2021-15/РН-ЮНГ-ПТ-2016-33
562,/content/spills/2021-15/РН-ЮНГ-СБ-2020-12
563,/content/spills/2021-15/РН-ЮНГ-ПТ-2017-16
564,/content/spills/2021-15/РН-ЮНГ-ПТ-2016-48
565,/content/spills/2021-15/РН-ЮНГ-ПТ-2016-52
566,/content/spills/2021-15/РН-ЮНГ-ПТ-2016-22
567,/content/spills/2021-15/РН-ЮНГ-ММ-2020-19
568,/content/spills/2021-15/РН-ЮНГ-ПТ-2017-20
569,/content/spills/2021-15/РН-ЮНГ-ММ-2020-31
570,/content/spills/2021-15/РН-ЮНГ-ММ-2020-99
571,/content/spills/2021-15/РН-ЮНГ-ПТ-2018-30
572,/content/spills/2021-15/РН-ЮНГ-ММ-2020-79
573,/content/spills/2021-15/РН-ЮНГ-ПТ-2018-40
574,/content/spills/2021-15/РН-ЮНГ-ММ-2020-74
575,/content/spills/2021-15/РН-ЮНГ-ММ-2020-39
576,/content/spills/2021-15/РН-ЮНГ-ПТ-2020-10
577,/content/spills/2021-15/РН-ЮНГ-ММ-2020-86
578,/content/spills/2021-15/РН-ЮНГ-ММ-2020-91
579,/content/spills/2021-15/РН-ЮНГ-СБ-2020-11
580,/content/spills/2021-15/РН-ЮНГ-ММ-2020-40
581,/content/spills/2021-15/РН-ЮНГ-ПТ-2018-35
582,/content/spills/2021-15/РН-ЮНГ-ПТ-2017-25
583,/content/spills/2021-15/РН-ЮНГ-ММ-2020-56
584,/content/spills/2021-15/РН-ЮНГ-ММ-2020-25
585,/content/spills/2021-15/РН-ЮНГ-ПТ-2018-16
586,/content/spills/2021-15/РН-ЮНГ-ММ-2020-78
587,/content/spills/2021-15/РН-ЮНГ-ММ-2020-73
588,/content/spills/2021-15/РН-ЮНГ-ММ-2020-51
589,/content/spills/2021-15/РН-ЮНГ-ПТ-2018-14
590,/content/spills/2021-15/РН-ЮНГ-ПТ-2016-21
591,/content/spills/2021-15/РН-ЮНГ-ММ-2020-75
592,/content/spills/2021-15/РН-ЮНГ-ПТ-2018-10
593,/content/spills/2021-15/РН-ЮНГ-ММ-2020-68
594,/content/spills/2021-15/РН-ЮНГ-ПТ-2018-23
595,/content/spills/2021-15/РН-ЮНГ-ПТ-2016-47
596,/content/spills/2021-15/РН-ЮНГ-ПТ-2017-40
597,/content/spills/2021-15/РН-ЮНГ-ПТ-2017-28
598,/content/spills/2021-15/РН-ЮНГ-ПТ-2020-14
599,/content/spills/2021-15/РН-ЮНГ-ММ-2020-29
600,/content/spills/2021-15/РН-ЮНГ-ММ-2020-47
601,/content/spills/2021-15/РН-ЮНГ-ПТ-2018-25
602,/content/spills/2021-15/РН-ЮНГ-ММ-2020-59
603,/content/spills/2021-15/РН-ЮНГ-ПТ-2017-13
604,/content/spills/2021-15/РН-ЮНГ-ПТ-2017-27
605,/content/spills/2021-15/РН-ЮНГ-ПТ-2018-19
606,/content/spills/2021-15/РН-ЮНГ-СБ-2018-11
607,/content/spills/2021-15/РН-ЮНГ-ПТ-2016-13
608,/content/spills/2021-15/РН-ЮНГ-ММ-2020-36
609,/content/spills/2021-15/РН-ЮНГ-ПТ-2016-14
610,/content/spills/2021-15/РН-ЮНГ-ПТ-2018-13
611,/content/spills/2021-15/РН-ЮНГ-ПТ-2018-32
612,/content/spills/2021-15/РН-ЮНГ-ММ-2020-38
613,/content/spills/2021-15/РН-ЮНГ-ПТ-2016-32
614,/content/spills/2021-15/РН-ЮНГ-ПТ-2017-10
615,/content/spills/2021-15/РН-ЮНГ-ПТ-2018-28
616,/content/spills/2021-15/РН-ЮНГ-ПТ-2018-21
617,/content/spills/2021-15/РН-ЮНГ-ПТ-2017-24
618,/content/spills/2021-15/РН-ЮНГ-ММ-2020-20
619,/content/spills/2021-15/РН-ЮНГ-ММ-2020-97
620,/content/spills/2021-15/РН-ЮНГ-ПТ-2016-36
621,/content/spills/2021-15/РН-ЮНГ-ПТ-2016-43
622,/content/spills/2021-15/РН-ЮНГ-ММ-2020-83
623,/content/spills/2021-15/РН-ЮНГ-ПТ-2018-39
624,/content/spills/2021-15/РН-ЮНГ-ПТ-2017-35
625,/content/spills/2021-15/РН-ЮНГ-ММ-2020-72
626,/content/spills/2021-15/РН-ЮНГ-ПТ-2017-22
627,/content/spills/2021-15/РН-ЮНГ-ПТ-2018-17
628,/content/spills/2021-15/РН-ЮНГ-ПТ-2016-28
629,/content/spills/2021-15/РН-ЮНГ-ПТ-2016-30
630,/content/spills/2021-15/РН-ЮНГ-ММ-2020-90
631,/content/spills/2021-16/РН-ЮНГ-ТП-2020-11
632,/content/spills/2021-16/РН-ЮНГ-ТП-2020-14
633,/content/spills/2021-16/РН-ЮНГ-ТП-2018-12
634,/content/spills/2021-16/РН-ЮНГ-ТП-2017-15
635,/content/spills/2021-16/РН-ЮНГ-ТП-2016-17
636,/content/spills/2021-16/РН-ЮНГ-ТП-2020-20
637,/content/spills/2021-16/РН-ЮНГ-ТП-2016-25
638,/content/spills/2021-16/РН-ЮНГ-ТП-2018-15
639,/content/spills/2021-16/РН-ЮНГ-ТП-2020-18
640,/content/spills/2021-16/РН-ЮНГ-ТП-2020-13
641,/content/spills/2021-16/РН-ЮНГ-ТП-2016-29
642,/content/spills/2021-16/РН-ЮНГ-ТП-2020-16
643,/content/spills/2021-16/РН-ЮНГ-ТП-2016-27
644,/content/spills/2021-16/РН-ЮНГ-УГ-2016-12
645,/content/spills/2021-16/РН-ЮНГ-ТП-2018-18
646,/content/spills/2021-16/РН-ЮНГ-ТП-2018-14
647,/content/spills/2021-16/РН-ЮНГ-ТП-2019-11
648,/content/spills/2021-16/РН-ЮНГ-УГ-2017-12
649,/content/spills/2021-16/РН-ЮНГ-ТП-2019-12
650,/content/spills/2021-16/РН-ЮНГ-ТП-2019-13
651,/content/spills/2021-16/РН-ЮНГ-ТП-2016-11
652,/content/spills/2021-16/РН-ЮНГ-ТП-2016-26
653,/content/spills/2021-16/РН-ЮНГ-ТП-2018-21
654,/content/spills/2021-16/РН-ЮНГ-УГ-2018-10
655,/content/spills/2021-16/РН-ЮНГ-ТП-2016-24
656,/content/spills/2021-16/РН-ЮНГ-ТП-2020-17
657,/content/spills/2021-16/РН-ЮНГ-ТП-2018-17
658,/content/spills/2021-16/РН-ЮНГ-ТП-2018-11
659,/content/spills/2021-16/РН-ЮНГ-УГ-2017-18
660,/content/spills/2021-16/РН-ЮНГ-ТП-2020-12
661,/content/spills/2021-16/РН-ЮНГ-ТП-2020-10
662,/content/spills/2021-16/РН-ЮНГ-ТП-2017-11
663,/content/spills/2021-16/РН-ЮНГ-ТП-2020-15
664,/content/spills/2021-16/РН-ЮНГ-ТП-2017-17
665,/content/spills/2021-16/РН-ЮНГ-ТП-2016-19
666,/content/spills/2021-16/РН-ЮНГ-УГ-2018-11
667,/content/spills/2021-16/РН-ЮНГ-УГ-2017-10
668,/content/spills/2021-16/РН-ЮНГ-ТП-2019-10
669,/content/spills/2021-16/РН-ЮНГ-ТП-2018-20
670,/content/spills/2021-16/РН-ЮНГ-ТП-2017-16
671,/content/spills/2021-16/РН-ЮНГ-ТП-2017-13
672,/content/spills/2021-16/РН-ЮНГ-УГ-2017-11
673,/content/spills/2021-16/РН-ЮНГ-ТП-2016-12
674,/content/spills/2021-16/РН-ЮНГ-ТП-2016-14
675,/content/spills/2021-16/РН-ЮНГ-ТП-2017-18
676,/content/spills/2021-16/РН-ЮНГ-ТП-2016-15
677,/content/spills/2021-16/РН-ЮНГ-ТП-2016-13
678,/content/spills/2021-16/РН-ЮНГ-УГ-2016-13
679,/content/spills/2021-16/РН-ЮНГ-ТП-2016-18
680,/content/spills/2021-16/РН-ЮНГ-ТП-2020-19
681,/content/spills/2021-16/РН-ЮНГ-ТП-2016-23
682,/content/spills/2021-16/РН-ЮНГ-УГ-2017-15
683,/content/spills/2021-16/РН-ЮНГ-ТП-2017-12
684,/content/spills/2021-14/РН-ЮНГ-ММ-2019-19
685,/content/spills/2021-14/РН-ЮНГ-ММ-2018-44
686,/content/spills/2021-14/РН-ЮНГ-ММ-2016-76
687,/content/spills/2021-14/РН-ЮНГ-ММ-2019-30
688,/content/spills/2021-14/РН-ЮНГ-ММ-2019-70
689,/content/spills/2021-14/РН-ЮНГ-ММ-2017-30
690,/content/spills/2021-14/РН-ЮНГ-ММ-2018-23
691,/content/spills/2021-14/РН-ЮНГ-ММ-2017-77
692,/content/spills/2021-14/РН-ЮНГ-ММ-2018-36
693,/content/spills/2021-14/РН-ЮНГ-ММ-2017-21
694,/content/spills/2021-14/РН-ЮНГ-ММ-2016-43
695,/content/spills/2021-14/РН-ЮНГ-ММ-2017-31
696,/content/spills/2021-14/РН-ЮНГ-ММ-2019-41
697,/content/spills/2021-14/РН-ЮНГ-ММ-2018-33
698,/content/spills/2021-14/РН-ЮНГ-ММ-2017-69
699,/content/spills/2021-14/РН-ЮНГ-ММ-2017-85
700,/content/spills/2021-14/РН-ЮНГ-ММ-2019-39
701,/content/spills/2021-14/РН-ЮНГ-ММ-2019-49
702,/content/spills/2021-14/РН-ЮНГ-ММ-2019-52
703,/content/spills/2021-14/РН-ЮНГ-ММ-2018-81
704,/content/spills/2021-14/РН-ЮНГ-ММ-2019-62
705,/content/spills/2021-14/РН-ЮНГ-ММ-2017-45
706,/content/spills/2021-14/РН-ЮНГ-ММ-2017-34
707,/content/spills/2021-14/РН-ЮНГ-ММ-2016-28
708,/content/spills/2021-14/РН-ЮНГ-ММ-2016-42
709,/content/spills/2021-14/РН-ЮНГ-ММ-2017-66
710,/content/spills/2021-14/РН-ЮНГ-ММ-2017-42
711,/content/spills/2021-14/РН-ЮНГ-ММ-2018-80
712,/content/spills/2021-14/РН-ЮНГ-ММ-2016-59
713,/content/spills/2021-14/РН-ЮНГ-ММ-2018-20
714,/content/spills/2021-14/РН-ЮНГ-ММ-2017-24
715,/content/spills/2021-14/РН-ЮНГ-ММ-2016-57
716,/content/spills/2021-14/РН-ЮНГ-ММ-2018-99
717,/content/spills/2021-14/РН-ЮНГ-ММ-2018-82
718,/content/spills/2021-14/РН-ЮНГ-ММ-2019-96
719,/content/spills/2021-14/РН-ЮНГ-ММ-2018-52
720,/content/spills/2021-14/РН-ЮНГ-ММ-2019-94
721,/content/spills/2021-14/РН-ЮНГ-ММ-2019-53
722,/content/spills/2021-14/РН-ЮНГ-ММ-2019-83
723,/content/spills/2021-14/РН-ЮНГ-ММ-2018-10
724,/content/spills/2021-14/РН-ЮНГ-ММ-2019-10
725,/content/spills/2021-14/РН-ЮНГ-ММ-2018-21
726,/content/spills/2021-14/РН-ЮНГ-ММ-2017-17
727,/content/spills/2021-14/РН-ЮНГ-ММ-2018-60
728,/content/spills/2021-14/РН-ЮНГ-ММ-2018-35
729,/content/spills/2021-14/РН-ЮНГ-ММ-2019-86
730,/content/spills/2021-14/РН-ЮНГ-ММ-2019-60
731,/content/spills/2021-14/РН-ЮНГ-ММ-2018-16
732,/content/spills/2021-14/РН-ЮНГ-ММ-2019-58
733,/content/spills/2021-14/РН-ЮНГ-ММ-2019-56
734,/content/spills/2021-14/РН-ЮНГ-ММ-2017-72
735,/content/spills/2021-14/РН-ЮНГ-ММ-2019-67
736,/content/spills/2021-14/РН-ЮНГ-ММ-2018-86
737,/content/spills/2021-14/РН-ЮНГ-ММ-2017-84
738,/content/spills/2021-14/РН-ЮНГ-ММ-2019-93
739,/content/spills/2021-14/РН-ЮНГ-ММ-2018-19
740,/content/spills/2021-14/РН-ЮНГ-ММ-2017-93
741,/content/spills/2021-14/РН-ЮНГ-ММ-2017-75
742,/content/spills/2021-14/РН-ЮНГ-ММ-2017-82
743,/content/spills/2021-14/РН-ЮНГ-ММ-2017-38
744,/content/spills/2021-14/РН-ЮНГ-ММ-2019-54
745,/content/spills/2021-14/РН-ЮНГ-ММ-2019-51
746,/content/spills/2021-14/РН-ЮНГ-ММ-2019-89
747,/content/spills/2021-14/РН-ЮНГ-ММ-2019-31
748,/content/spills/2021-14/РН-ЮНГ-ММ-2018-18
749,/content/spills/2021-14/РН-ЮНГ-ММ-2019-27
750,/content/spills/2021-14/РН-ЮНГ-ММ-2016-24
751,/content/spills/2021-14/РН-ЮНГ-ММ-2018-96
752,/content/spills/2021-14/РН-ЮНГ-ММ-2018-85
753,/content/spills/2021-14/РН-ЮНГ-ММ-2019-45
754,/content/spills/2021-14/РН-ЮНГ-ММ-2019-13
755,/content/spills/2021-14/РН-ЮНГ-ММ-2018-12
756,/content/spills/2021-14/РН-ЮНГ-ММ-2019-90
757,/content/spills/2021-14/РН-ЮНГ-ММ-2018-34
758,/content/spills/2021-14/РН-ЮНГ-ММ-2019-79
759,/content/spills/2021-14/РН-ЮНГ-ММ-2018-68
760,/content/spills/2021-14/РН-ЮНГ-ММ-2018-37
761,/content/spills/2021-14/РН-ЮНГ-ММ-2016-40
762,/content/spills/2021-14/РН-ЮНГ-ММ-2018-72
763,/content/spills/2021-14/РН-ЮНГ-ММ-2016-54
764,/content/spills/2021-14/РН-ЮНГ-ММ-2019-35
765,/content/spills/2021-14/РН-ЮНГ-ММ-2018-53
766,/content/spills/2021-14/РН-ЮНГ-ММ-2018-40
767,/content/spills/2021-14/РН-ЮНГ-ММ-2020-13
768,/content/spills/2021-14/РН-ЮНГ-ММ-2017-16
769,/content/spills/2021-14/РН-ЮНГ-ММ-2017-12
770,/content/spills/2021-14/РН-ЮНГ-ММ-2018-42
771,/content/spills/2021-14/РН-ЮНГ-ММ-2018-62
772,/content/spills/2021-14/РН-ЮНГ-ММ-2017-63
773,/content/spills/2021-14/РН-ЮНГ-ММ-2018-26
774,/content/spills/2021-14/РН-ЮНГ-ММ-2017-67
775,/content/spills/2021-14/РН-ЮНГ-ММ-2018-47
776,/content/spills/2021-14/РН-ЮНГ-ММ-2019-23
777,/content/spills/2021-14/РН-ЮНГ-ММ-2016-70
778,/content/spills/2021-14/РН-ЮНГ-ММ-2019-44
779,/content/spills/2021-14/РН-ЮНГ-ММ-2019-34
780,/content/spills/2021-14/РН-ЮНГ-ММ-2016-35
781,/content/spills/2021-14/РН-ЮНГ-ММ-2016-94
782,/content/spills/2021-14/РН-ЮНГ-ММ-2016-67
783,/content/spills/2021-14/РН-ЮНГ-ММ-2019-95
784,/content/spills/2021-14/РН-ЮНГ-ММ-2016-53
785,/content/spills/2021-14/РН-ЮНГ-ММ-2018-66
786,/content/spills/2021-14/РН-ЮНГ-ММ-2020-14
787,/content/spills/2021-14/РН-ЮНГ-ММ-2017-18
788,/content/spills/2021-14/РН-ЮНГ-ММ-2019-24
789,/content/spills/2021-14/РН-ЮНГ-ММ-2019-50
790,/content/spills/2021-14/РН-ЮНГ-ММ-2019-32
791,/content/spills/2021-14/РН-ЮНГ-ММ-2019-17
792,/content/spills/2021-14/РН-ЮНГ-ММ-2019-92
793,/content/spills/2021-14/РН-ЮНГ-ММ-2018-54
794,/content/spills/2021-14/РН-ЮНГ-ММ-2018-46
795,/content/spills/2021-14/РН-ЮНГ-ММ-2018-65
796,/content/spills/2021-14/РН-ЮНГ-ММ-2018-13
797,/content/spills/2021-14/РН-ЮНГ-ММ-2019-33
798,/content/spills/2021-14/РН-ЮНГ-ММ-2019-16
799,/content/spills/2021-14/РН-ЮНГ-ММ-2016-60
800,/content/spills/2021-14/РН-ЮНГ-ММ-2017-33
801,/content/spills/2021-14/РН-ЮНГ-ММ-2016-63
802,/content/spills/2021-14/РН-ЮНГ-ММ-2017-60
803,/content/spills/2021-14/РН-ЮНГ-ММ-2017-54
804,/content/spills/2021-14/РН-ЮНГ-ММ-2018-41
805,/content/spills/2021-14/РН-ЮНГ-ММ-2016-80
806,/content/spills/2021-14/РН-ЮНГ-ММ-2019-40
807,/content/spills/2021-14/РН-ЮНГ-ММ-2017-76
808,/content/spills/2021-14/РН-ЮНГ-ММ-2018-75
809,/content/spills/2021-14/РН-ЮНГ-ММ-2019-29
810,/content/spills/2021-14/РН-ЮНГ-ММ-2019-81
811,/content/spills/2021-14/РН-ЮНГ-ММ-2016-66
812,/content/spills/2021-14/РН-ЮНГ-ММ-2017-64
813,/content/spills/2021-14/РН-ЮНГ-ММ-2018-88
814,/content/spills/2021-14/РН-ЮНГ-ММ-2019-57
815,/content/spills/2021-14/РН-ЮНГ-ММ-2016-78
816,/content/spills/2021-14/РН-ЮНГ-ММ-2016-87
817,/content/spills/2021-14/РН-ЮНГ-ММ-2017-13
818,/content/spills/2021-14/РН-ЮНГ-ММ-2018-27
819,/content/spills/2021-14/РН-ЮНГ-ММ-2019-78
820,/content/spills/2021-14/РН-ЮНГ-ММ-2018-25
821,/content/spills/2021-14/РН-ЮНГ-ММ-2020-16
822,/content/spills/2021-14/РН-ЮНГ-ММ-2017-78
823,/content/spills/2021-14/РН-ЮНГ-ММ-2018-22
824,/content/spills/2021-14/РН-ЮНГ-ММ-2016-88
825,/content/spills/2021-14/РН-ЮНГ-ММ-2017-65
826,/content/spills/2021-14/РН-ЮНГ-ММ-2016-89
827,/content/spills/2021-14/РН-ЮНГ-ММ-2019-72
828,/content/spills/2021-14/РН-ЮНГ-ММ-2018-58
829,/content/spills/2021-14/РН-ЮНГ-ММ-2019-37
830,/content/spills/2021-14/РН-ЮНГ-ММ-2018-79
831,/content/spills/2021-14/РН-ЮНГ-ММ-2016-96
832,/content/spills/2021-14/РН-ЮНГ-ММ-2019-82
833,/content/spills/2021-14/РН-ЮНГ-ММ-2018-91
834,/content/spills/2021-14/РН-ЮНГ-ММ-2016-85
835,/content/spills/2021-14/РН-ЮНГ-ММ-2019-21
836,/content/spills/2021-14/РН-ЮНГ-ММ-2019-77
837,/content/spills/2021-14/РН-ЮНГ-ММ-2017-92
838,/content/spills/2021-14/РН-ЮНГ-ММ-2016-84
839,/content/spills/2021-14/РН-ЮНГ-ММ-2019-43
840,/content/spills/2021-14/РН-ЮНГ-ММ-2019-97
841,/content/spills/2021-14/РН-ЮНГ-ММ-2019-12
842,/content/spills/2021-14/РН-ЮНГ-ММ-2018-49
843,/content/spills/2021-14/РН-ЮНГ-ММ-2017-39
844,/content/spills/2021-14/РН-ЮНГ-ММ-2017-57
845,/content/spills/2021-14/РН-ЮНГ-ММ-2017-25
846,/content/spills/2021-14/РН-ЮНГ-ММ-2017-59
847,/content/spills/2021-14/РН-ЮНГ-ММ-2016-38
848,/content/spills/2021-14/РН-ЮНГ-ММ-2019-55
849,/content/spills/2021-14/РН-ЮНГ-ММ-2016-37
850,/content/spills/2021-14/РН-ЮНГ-ММ-2018-43
851,/content/spills/2021-14/РН-ЮНГ-ММ-2018-50
852,/content/spills/2021-14/РН-ЮНГ-ММ-2019-87
853,/content/spills/2021-14/РН-ЮНГ-ММ-2019-68
854,/content/spills/2021-14/РН-ЮНГ-ММ-2019-42
855,/content/spills/2021-14/РН-ЮНГ-ММ-2017-91
856,/content/spills/2021-14/РН-ЮНГ-ММ-2019-63
857,/content/spills/2021-14/РН-ЮНГ-ММ-2018-56
858,/content/spills/2021-14/РН-ЮНГ-ММ-2019-84
859,/content/spills/2021-14/РН-ЮНГ-ММ-2017-74
860,/content/spills/2021-14/РН-ЮНГ-ММ-2016-65
861,/content/spills/2021-14/РН-ЮНГ-ММ-2017-32
862,/content/spills/2021-14/РН-ЮНГ-ММ-2016-39
863,/content/spills/2021-14/РН-ЮНГ-ММ-2018-63
864,/content/spills/2021-14/РН-ЮНГ-ММ-2019-64
865,/content/spills/2021-14/РН-ЮНГ-ММ-2018-61
866,/content/spills/2021-14/РН-ЮНГ-ММ-2016-90
867,/content/spills/2021-14/РН-ЮНГ-ММ-2017-55
868,/content/spills/2021-14/РН-ЮНГ-ММ-2019-75
869,/content/spills/2021-14/РН-ЮНГ-ММ-2020-17
870,/content/spills/2021-14/РН-ЮНГ-ММ-2018-57
871,/content/spills/2021-14/РН-ЮНГ-ММ-2019-47
872,/content/spills/2021-14/РН-ЮНГ-ММ-2016-97
873,/content/spills/2021-14/РН-ЮНГ-ММ-2017-96
874,/content/spills/2021-14/РН-ЮНГ-ММ-2017-44
875,/content/spills/2021-14/РН-ЮНГ-ММ-2018-76
876,/content/spills/2021-14/РН-ЮНГ-ММ-2019-91
877,/content/spills/2021-14/РН-ЮНГ-ММ-2018-29
878,/content/spills/2021-14/РН-ЮНГ-ММ-2018-67
879,/content/spills/2021-14/РН-ЮНГ-ММ-2018-77
880,/content/spills/2021-14/РН-ЮНГ-ММ-2018-64
881,/content/spills/2021-14/РН-ЮНГ-ММ-2016-71
882,/content/spills/2021-14/РН-ЮНГ-ММ-2020-11
883,/content/spills/2021-14/РН-ЮНГ-ММ-2017-48
884,/content/spills/2021-14/РН-ЮНГ-ММ-2016-99
885,/content/spills/2021-14/РН-ЮНГ-ММ-2017-19
886,/content/spills/2021-14/РН-ЮНГ-ММ-2017-26
887,/content/spills/2021-14/РН-ЮНГ-ММ-2019-11
888,/content/spills/2021-14/РН-ЮНГ-ММ-2017-89
889,/content/spills/2021-14/РН-ЮНГ-ММ-2019-71
890,/content/spills/2021-14/РН-ЮНГ-ММ-2016-31
891,/content/spills/2021-14/РН-ЮНГ-ММ-2019-73
892,/content/spills/2021-14/РН-ЮНГ-ММ-2016-36
893,/content/spills/2021-14/РН-ЮНГ-ММ-2016-95
894,/content/spills/2021-14/РН-ЮНГ-ММ-2020-12
895,/content/spills/2021-14/РН-ЮНГ-ММ-2017-79
896,/content/spills/2021-14/РН-ЮНГ-ММ-2016-56
897,/content/spills/2021-14/РН-ЮНГ-ММ-2018-11
898,/content/spills/2021-14/РН-ЮНГ-ММ-2017-98
899,/content/spills/2021-14/РН-ЮНГ-ММ-2019-59
900,/content/spills/2021-14/РН-ЮНГ-ММ-2018-98
901,/content/spills/2021-14/РН-ЮНГ-ММ-2016-49
902,/content/spills/2021-14/РН-ЮНГ-ММ-2019-85
903,/content/spills/2021-14/РН-ЮНГ-ММ-2018-69
904,/content/spills/2021-14/РН-ЮНГ-ММ-2018-95
905,/content/spills/2021-14/РН-ЮНГ-ММ-2019-80
906,/content/spills/2021-14/РН-ЮНГ-ММ-2020-15
907,/content/spills/2021-14/РН-ЮНГ-ММ-2019-66
908,/content/spills/2021-14/РН-ЮНГ-ММ-2016-34
909,/content/spills/2021-14/РН-ЮНГ-ММ-2018-93
910,/content/spills/2021-14/РН-ЮНГ-ММ-2018-87
911,/content/spills/2021-14/РН-ЮНГ-ММ-2017-11
912,/content/spills/2021-14/РН-ЮНГ-ММ-2017-10
913,/content/spills/2021-14/РН-ЮНГ-ММ-2018-92
914,/content/spills/2021-14/РН-ЮНГ-ММ-2018-17
915,/content/spills/2021-14/РН-ЮНГ-ММ-2019-69
916,/content/spills/2021-14/РН-ЮНГ-ММ-2018-90
917,/content/spills/2021-14/РН-ЮНГ-ММ-2017-70
918,/content/spills/2021-14/РН-ЮНГ-ММ-2019-22
919,/content/spills/2021-14/РН-ЮНГ-ММ-2016-41
920,/content/spills/2021-14/РН-ЮНГ-ММ-2018-78
921,/content/spills/2021-14/РН-ЮНГ-ММ-2018-31
922,/content/spills/2021-14/РН-ЮНГ-ММ-2019-76
923,/content/spills/2021-14/РН-ЮНГ-ММ-2019-20
924,/content/spills/2021-14/РН-ЮНГ-ММ-2016-81
925,/content/spills/2021-14/РН-ЮНГ-ММ-2020-10
926,/content/spills/2021-14/РН-ЮНГ-ММ-2019-28
927,/content/spills/2021-14/РН-ЮНГ-ММ-2016-33
928,/content/spills/2021-14/РН-ЮНГ-ММ-2020-18
929,/content/spills/2021-14/РН-ЮНГ-ММ-2019-46
930,/content/spills/2021-08/РН-ТОМСКН-2020-9
931,/content/spills/2021-08/РН-ТОМСКН-2018-7
932,/content/spills/2021-08/РН-ТОМСКН-2017-7
933,/content/spills/2021-08/РН-ТОМСКН-2020-3
934,/content/spills/2021-08/РН-ТОМСКН-2019-6
935,/content/spills/2021-08/РН-ТОМСКН-2017-9
936,/content/spills/2021-08/РН-ТОМСКН-2017-4
937,/content/spills/2021-08/РН-ТОМСКН-2020-2
938,/content/spills/2021-08/РН-ТОМСКН-2020-5
939,/content/spills/2021-08/РН-ТОМСКН-2019-8
940,/content/spills/2021-08/РН-ТОМСКН-2018-2
941,/content/spills/2021-08/РН-ТОМСКН-2020-4
942,/content/spills/2021-08/РН-ТОМСКН-2018-1
943,/content/spills/2021-08/РН-ТОМСКН-2020-8
944,/content/spills/2021-08/РН-ТОМСКН-2016-8
945,/content/spills/2021-08/РН-ТОМСКН-2020-7
946,/content/spills/2021-08/РН-ТОМСКН-2019-9
947,/content/spills/2021-08/РН-ТОМСКН-2020-6
948,/content/spills/2021-08/РН-ТОМСКН-2016-7
949,/content/spills/2021-08/РН-ТОМСКН-2015-9
950,/content/spills/2021-08/РН-ТОМСКН-2020-1
951,/content/spills/2021-08/РН-ТОМСКН-2019-4
952,/content/spills/2021-08/РН-ТОМСКН-2014-6
953,/content/spills/2021-08/РН-ТОМСКН-2019-7
